#{"t_start": 1779012130.100302, "env_id": "f110-v0"}
r,l,t,is_success
4476.133664,1247,234.705998,Fal50993487.903067,990,236.529275,Fal11529.49238,3160,240.128567,False
42.714413,57,240.330095,False
1951.150451,590,241.626236,False
5056.47425,1406,444.325604,False
1776.909645,563,445.612128,False
62.608997,70,445.833164,False
361.558108,153,446.166344,False
2036.996496,632,447.80496,False
708.078473,248,643.660847,False
1974.68586,662,645.025733,False
1397.688534,465,646.063222,False
4735.584388,1461,649.228311,False
12.934237,57,649.566737,False
2207.842649,721,651.001858,False
9565.618063,6000,866.513908,False
7975.638942,2429,871.248394,False
2295.218862,736,872.462476,False
843.921527,280,873.102826,False
76.14944,75,873.339989,False
46.555494,63,1069.926592,False
1254.246036,438,1070.932177,False
2041.31635,630,1072.333683,False
16.195246,49,1072.659169,False
4365.326426,1408,1075.420617,False
53.122003,75,1075.772398,False
368.08397,145,1076.474744,False
927.417057,292,1077.397487,False
47.899078,60,1077.6083,False
417.964495,157,1264.624488,False
1869.191082,586,1265.95318,False
507.786979,181,1266.339212,False
42.660693,64,1266.545408,Fa1746.1126.248886,388,1267.589607,Fa1899.-194.826271,1129,1270.195841,4168.278514,1345,1271.501752,False
e
996.615876,316,1271.246535,False
.978338,330,1077.814669,False
3587.75311,1097,1266.957741,False
2780.686955,933,1268.914071,False
406.042953,169,1269.279276,False
19.808636,61,1269.49033,False
52.072209,72,1269.709601,False
953.335952,334,1270.667492,False
2684,False
1395.407193,447,1270.98941,False
,Fal359.223642,307,57.17108,False
-8.9454.511567,284,58.078732,F1014.580267,519,60.754702,False
512.868861,335,62.421774,False
752.621008,362,63.868731,False
-5.339727,76,65.521625,False
-15.318248,86,65.782273,False
17.892313,84,66.158314,False
12.091414,86,66.580021,False
-0.778331,77,66.824075,False
-0.598715,82,67.265594,False
-9.699641,108,67.800273,False
162.869392,133,68.756445,False
-32.242937,96,69.397283,False
398.584369,265,71.981826,False
489.883812,299,73.315509,False
-16.628205,87,73.696639,False
237.238015,200,74.590358,False
765.404453,348,76.370916,False
333.862669,161,78.268371,False
207.089919,152,78.896762,False
15.025803,78,79.514092,False
183.150746,128,80.340616,False
24.238272,84,80.97605,False
232.77105,194,81.799795,False
569.405851,322,84.423257,False
0.215139,73,84.909414,False
546.400401,274,85.82067,False
474.530881,250,86.936104,False
-14.320891,83,87.435161,False
13.211927,78,87.811001,False
33.81616,89,88.068628,False
-12.78937,70,88.433908,False
19.694015,89,88.815265,False
22.239957,70,90.252503,False
969.714112,395,91.115401,Fals844701.845594,337,92.02989,False592.793607,258,93.407643,False
19.551514,92,93.799706,False
631.95551,313,95.792413,False1338.828795,507,96.338873,Fals37.811.160299,349,97.683827,Fa1130.560.748281,284,98.756256,False
-14.254971,78,100.137836,False
54.716068,76,100.622995,False
854.720602,354,101.784727,False
-19.408846,71,102.016739,False
-31.333549,78,102.2630507.561415-1.079309,69,102.8780292.671931,73,103.481503,False
40.614336,72,103.985575,False
-2.45138142.430624,85,104.46825101.588456,113,105.137342,False
562.07781124.288147,441,107.78330953.143372,387,108.932874,False
10.0661885.777833,646,111.827209,False
802.066863,300,112.699491,False
846.167188,320,114.253548,False
640.73772,261,115.167364,False
1289.672771,526,117.914522,False
1677.653381,624,120.723337,False
395.718286,246,121.462527,False
808.697675,363,122.607176,False
643.036087,271,123.280645,False
7.527485,83,123.527617,False
-4.822005,81,124.92109,False
-73.29954,470,126.279047,False
477.013822,185,127.307371,False
28.07157,72,127.631367,False
-57.978639,523,130.241106,False
8.691706,72,130.721051,False
559.655296,248,131.858941,False
599.386742,274,132.532392,False
40.894906,89,132.72087.444,704,134.431975,False
54.428489,83,1521.657096,561,136.061374,False
23.353007,79,136.299345,False
5014.010131,1655,143.047166,False
327.869681,223,144.227986,False
0.452237,58,144.5526,False
1196.746376,451,145.987812,False
3548.115379,1184,151.553695,False
353.281191,157,151.961739,False
765.301128,298,152.916804,False
4.480329,57,153.137218,False
342.055663,548,156.613214,False
1096.32373,395,158.015347,False
488.237712,218,158.622365,False
1188.965796,435,160.970031,False
1465.560151,594,162.676504,False
1179.529531,404,164.735196,False
462.330924,251,165.230745,False
516.613429,224,165.698988,False
1257.871765,434,167.526463,False
2693.998944,939,170.029391,False
1058.115013,403,172.089372,False
412.479981,198,172.864457,False
520.972468,223,173.742353,False
15.906044,72,174.118271,False
2815.267288,891,177.922432,False
982.821054,406,180.16588,False
1347.085696,533,181.290991,False
620.853056,252,181.967047,False
34.655102,85,182.369205,False
-38.961906,74,183.732048,False
744.176617,288,184.598539,False
521.515576,218,185.188797,False
505.743054,219,185.898795,False
479.700181,222,186.501091,False
1040.780201,503,188.943529,False
680.503334,277,189.790565,False
3807.8687,1250,194.622916,False
501.186265,204,196.436846,False
1071.904101,398,197.75148,False
1134.220607,393,198.950542,False
29.076307,76,199.192132,False
488.562442,333,201.523345,False
287.192727,150,202.133646,False
800.435727,281,202.999223,False
363.053947,190,203.888603,False
1447.729207,517,206.783715,False
641.215625,266,207.611133,False
1978.711249,664,211.046934,False
865.780644,341,211.980292,False
492.089044,226,212.475369,False
20.635282,70,212.859518,False
471.870186,210,214.794447,False
787.875196,372,215.769296,False
1767.036222,607,218.78345,False
12.983466,70,219.281279,False
1267.497041,450,220.73833,False
2221.202049,708,223.63218,False
2783.930324,965,227.796435,False
1266.753402,442,228.600664,False
393.870066,160,228.985055,False
6.47965,66,229.219025,False
6.129724,56,229.443626,False
432.500516,186,231.124873,False
0.002528,63,231.340663,False
3163.656371,1027,245.620814,False
1960.814797,653,247.340669,False
-8.272598,48,247.537867,False
7.321121,51,247.748452,False
40.381636,78,248.994704,False
423.458733,216,249.706535,False
4.125949,61,250.05780.559042,311,250.802137,False
1837.128142,640,253.34978,False
5992.192434,2019,260.925107,False
724.829507,297,261.629129,False
1554.286184,679,264.366313,False
611.144678,233,265.082971,False
2855.015827,939,268.804808,False
33.356999,77,269.282415,False
2098.090905,727,271.27901,False
-20.725155,65,272.709608,False
2533.208406,841,275.296827,False
1121.784327,446,277.270247,False
427.036808,232,277.900558,False
1388.010404,463,279.233919,False
533.481312,262,280.92971,False
731.070868,303,281.891507,False
1916.679626,646,284.751825,False
4839.65225,1506,289.601822,False
4523.298808,1478,295.492137,False
6882.906999,2235,304.028379,False
1410.072847,489,305.555476,False
3972.876938,1271,309.490129,False
37.606891,75,310.889424,False
39.881399,77,311.253673,False
854.42681,316,312.225503,False
24.256043,61,312.454377,False
909.881813,322,313.697675,False
-15.552045,62,313.909945,False
1101.576769,423,316.046182,False
2053.492869,685,317.650525,False
39.756249,73,319.197149,False
1131.766314,395,320.333354,False
990.456927,419,321.594296,False
1824.624323,614,324.159168,False
577.903473,229,324.894849,False
1428.844115,496,327.791832,False
4545.169478,1384,332.908479,False
1366.14718,450,334.198291,False
46.069365,74,335.603678,False
395.123678,178,336.410729,False
924.379394,375,337.689689,False
54.936397,78,337.943434,False
311.420868,150,338.577333,False
31.81364,71,338.81914,False
425.74344,164,339.226207,False
-7.946896,63,341.021774,False
435.878353,184,341.967013,False
1869.411206,638,343.845319,False
528.345391,220,345.930502,False
756.833516,287,346.660462,False
540.319344,213,347.30207,False
513.991989,213,347.792772,False
-10.29905,52,348.008412,False
-45.411882,502,350.859029,False
1143.372003,376,352.447322,False
557.403159,215,353.167166,False
4231.291058,2053,360.903597,False
58.30232,75,361.159017,False
-3.108096,46,362.443677,False
21.150795,62,362.665822,False
1220.203658,499,364.227278,False
-19.707748,59,364.441076,False
1228.960111,422,366.858477,False
12.280619,66,367.101904,False
1042.065868,355,368.416012,False
32.28924,70,368.661961,False
-15.121851,62,368.898137,False
4683.383421,1510,376.046452,False
500.375916,193,376.637685,False
420.82038,174,377.396954,False
6490.468208,2087,385.132243,False
27.640279,68,385.358264,False
7.968739,56,385.562722,False
656.659977,231,386.419935,False
37.931159,69,386.754641,False
72.941697,80,387.13472,False
619.3078,276,389.147353,False
1861.872299,608,390.279117,False
2170.453106,842,393.111442,False
1382.797489,494,395.174183,False
27.930014,64,395.385107,False
457.76301,181,396.001405,False
48.229758,78,396.24143,False
912.897224,323,397.09856,False
647.053778,235,397.819175,False
51.97227,79,399.177545,False
327.385497,134,399.55871,False
3168.426174,1104,404.335007,False
1745.730361,604,406.404858,False
1217.529612,477,408.908679,False
1560.507372,514,410.101191,False
19.892816,70,410.466209,False
2481.535099,808,413.792377,False
3216.621087,1034,418.03157,False
443.283999,185,418.579935,False
282.645049,133,419.120212,False
782.088545,291,421.48808,False
2509.67107,875,425.293139,False
409.397304,193,425.956815,False
435.038571,206,426.635234,False
1761.845893,583,429.159359,False
1729.103576,591,430.721279,False
2844.385433,969,434.248504,False
1069.048969,393,435.594865,False
543.176808,218,437.456905,False
1935.988174,672,439.212646,False
672.523687,306,441.042581,False
390.389016,187,441.83275,False
-13.689966,71,442.067148,False
978.729765,365,449.89017,False
25.698043,67,450.253098,False
2661.345519,888,454.28347,False
889.51924,344,456.416847,False
802.337298,291,457.097162,False
-96.875203,310,457.797271,False
5.189925,57,457.999804,False
722.741358,281,458.528347,False
1104.133309,397,460.842376,False
1246.220232,440,462.074208,False
1217.367542,403,464.055943,False
1109.50833,389,465.125297,False
1874.235942,633,468.079567,False
1551.547008,549,469.346061,False
1177.485703,434,471.712742,False
1013.835787,356,472.785935,False
1070.250726,378,474.045525,False
31.283894,74,474.291054,False
28.149322,68,474.518826,False
5129.04281,1715,480.540231,False
16.585741,58,480.762115,False
27.270454,72,481.007194,False
747.317042,300,482.887175,False
1072.102128,436,484.074551,False
824.000438,294,484.786144,False
18.111109,801,487.989854,False
2574.354227,863,491.501073,False
2012.766488,675,494.038913,False
37.452703,77,494.272456,False
411.72179,171,494.792137,False
-0.731773,65,495.142686,False
966.669241,361,495.935401,False
1636.416362,550,498.533079,False
1076.095669,560,499.804909,False
1054.615626,384,501.7732,False
847.034799,347,502.554936,False
1233.749756,450,503.55669,False
824.725039,322,505.644074,False
11.533609,59,505.851466,False
12.796336,63,506.063853,False
766.812151,286,506.878754,False
835.232028,319,507.630403,False
3472610.9482,807,510.153847,False9935.616689,68,510.494229,False
499.257727,200,511.059081,False2583.2236,984,514.806841,False
1090.555039,443,517.041278,False
2078.667969,718,518.953679,False
2313.83059,779,522.03836,False
523.943375,209,522.75457,False
5727.12732,1917,530.33122,False
1544.469911,545,532.692009,False
2098.782535,756,534.808674,False
-16.054077,51,535.002079,False
-0.126896,53,535.198363,False
340.757201,161,536.553423,False
456.774609,183,537.211269,False
21.049163,60,537.550871,False
1050.232754,364,538.218442,False
2103.429099,761,541.318751,False
758.258975,269,542.364731,False
961.37607,348,544.579956,False
267.077546,554,545.937253,False
-17.881969,55,546.146283,False
617.557212,281,547.111098,False
1493.194369,509,549.71449,False
2362.625546,808,553.14826,False
26.517152,61,553.376262,False
3121.089605,1017,557.410147,False
-27.397352,67,557.776574,False
32.779908,68,558.13267,False
1155.129779,398,559.10379,False
505.285173,212,559.996119,False
2920.266032,974,564.258308,False
260.994023,143,565.869653,False
277.157485,131,566.562918,False
159.85137,318,567.331973,False
3477.357446,1153,571.304231,False
1039.002534,344,572.44022,False
-16.701452,55,573.787544,False
421.730654,184,574.409764,False
1401.520079,487,575.635424,False
3274.959636,1056,579.625623,False
731.80609,257,580.164714,False
1114.062581,366,582.252894,False
903.028467,356,583.167771,False
33.126724,70,583.523015,False
17.656526,57,583.995663,False
-49.733735,431,586.501737,False
1142.105032,428,587.770685,False
460.739451,174,588.1896,False
1432.132527,771,591.544082,False
445.707478,179,592.118937,False
1662.988649,602,595.354359,False
962.304823,343,596.289899,False
6893418.816688,1161,599.425176,False
531.976546,241,600.094211,False
781.85603,290,600.931593,False
56.332705,80,601.171393,False
1829.827413,625,604.113241,False
58.832312,69,604.329413677.688916,1358,605.49777,False
363.791811,161,607.054827,False
779.0199,282,608.003087,False
814.761431,325,608.956494,False
1603.9262555.015678,865,611.9373442238.4703064.79218,983,615.614703,3422.396397,1171,619.165531,False
545.801312,214,619.86582,False
-10.813008,51,620.055819,False
-3.158769,1402,624.453399,False
1616.522085,616,627.331048,False
1170.3913,428,628.335436,False
41.538269,69,628.571326,False
1441.27986,484,630.917184,False
98.9135625.812807,1901,636.224293,False
63.401451,75,636.576349,False
2015.173396,671,639.663285,False
720.319397,264,640.488012,False
2530.234923,858,644.055323,False
58.469676,74,644.490449,False
10.188424,57,653.715782,False
817.388223,301,654.589906,False
602.408814,226,656.525949,False
2925.454238,982,660.58633,False
907.489767,363,661.787786,False
346.964667,149,662.183098,False
2797.82753,913,665.916928,False
607.77083,234,666.550649,False
2217.535761,791,670.083949,False
2805.373483,918,673.940844,False
1019.552244,367,675.200333,False
53.244335,82,675.451829,False
369.370752,572,678.414783,False
847.85384,305,679.174023,False
821.601287,303,680.17922,False
2528.824433,859,683.467976,False
1537.141921,525,685.925553,False
34.888577,68,686.280497,False
39.451223,63,686.512293,False
4436.183363,1470,691.395624,False
3942.560912,1339,696.882563,False
1044.919592,368,697.750404,False
30.900502,66,698.1168,False
456.575847,178,698.798924,False
658.429375,223,699.553859,False
540.661043,211,701.33081,False
611.760002,248,702.24657,False
485.181167,209,702.828213,False
10.820414,62,703.056059,False
2334.564596,842,707.006134,False
1342.038622,469,708.224295,False
567.496709,237,710.103544,False
964.286256,346,711.18212,False
41.858417,428,712.169912,False
1292.125987,454,714.352805,False
17.189849,69,714.590354,False
37.479513,68,714.819232,False
823.518848,307,715.84724,False
43.475416,68,716.080552,False
889.796118,348,718.574025,False
1596.469949,577,720.175205,False
1261.445665,443,722.817259,False
28.50978,73,723.191803,False
2522.767443,867,726.27195,False
2367.557532,772,728.161434,False
886.83319,603,731.230528,False
1295.404292,585,734.005697,False
1425.856673,508,735.45471,False
1556.517575,540,738.3369,False
522.290686,215,739.064988,False
-12.758705,46,739.262981,False
371.333207,176,739.926625,False
842.051401,304,741.059515,False
34.150384,73,741.302504,False
974.071774,353,743.692403,False
516.963486,211,744.295389,False
55.789532,74,744.625843,False
39.586881,78,745.012017,False
1032.370026,364,746.129333,False
957.867731,343,748.376009,False
2074.334502,715,750.342636,False
508.965353,208,752.422581,False
1763.072293,616,753.922067,False
609.833903,236,754.846298,False
-6.175971,48,756.362514,False
36.338612,75,756.646024,False
1743.979118,609,758.369855,False
415.938708,165,758.929616,False
1023.656344,342,761.488783,False
44.648803,71,761.761511,False
2530.962477,1139,766.372029,False
-42.933334,60,766.602872,False
2031.66421,1110,770.807317,False
1890.537081,943,775.120322,False
595.150966,220,775.960007,False
1529.51433,745,779.341944,False
1143.915805,435,780.706134,False
4233.898432,1410,786.868709,False
1043.719988,435,788.131464,False
592.28539,239,788.649669,False
604.821253,244,790.590725,False
1353.783232,533,791.986353,False
30.557433,57,792.212087,False
1273.628821,459,794.706143,False
1010.240288,341,795.661268,False
48.579357,69,796.059213,False
19.075153,51,796.280514,False
784.742504,287,797.46519,False
365.308876,146,798.098594,False
1145.09778,407,800.319189,False
28.444984,63,800.676143,False
3416.018657,1810,807.555506,False
322.91756,153,808.183619,False
459.445727,200,808.877551,False
2921.186779,995,812.47441,False
1815.958704,637,815.352789,False
381.072797,156,815.739213,False
571.943035,223,816.734083,False
534.830494,193,817.300589,False
752.903695,298,818.315434,False
1231.981556,411,820.453422,False
546.2400984566.229625,1522,824.271963.235225,3600.957579,1382,829.101065,False
1112.158499,411,831.626344,False
65.639152,77,831.869828,False
213.902125,324,832.680637,False
1773.081633,623,835.358205,False
47.431832,66,835.591741,False
1820.42956,669,837.589648,False
387.348262,164,839.228627,False
2143.310664,732,841.516327,False
1028.52553,369,843.727721,False
29.622169,66,843.969138,False
6168.091533,2067,851.846914,False
445.066989,250,852.49946,False
42.398198,70,852.73824,False
208.22197,822,875.272026,False
462.632869,183,875.830969,False
1384.369666,486,877.141309,False
459.519392,227,879.031139,False
1450.722511,506,880.786691,False
530.271456,210,881.384572,False
557.947482,259,883.190304,False
820.183555,284,884.299179,False
1103.014515,404,885.71772,False
4156.725845,1368,891.384232,False
2641.568509,900,894.800974,False
64.048934,80,895.068915,False
661.619208,237,895.704327,False
1944.207649,667,897.231674,False
728.965719,279,899.367208,False
1227.05407,383,900.136783,False
2195.152365,707,903.637305,False
1237.388606,434,904.595019,False
2561.85818,859,907.920123,False
1403.807637,487,910.472762,False
82.116513,74,910.718828,False
626.2204.618952,725,912.506665,False
525.994268,208,913.087931,-5.042405,654,914.823043,False
45.836508,68,915.17241,False
784.006025,298,916.16887,False
1179.184932,402,917.20197,False
1148.694427,389,919.295802,False
1385.08343,843,922.904616,False
1053.717299,378,923.75071,False
12.744637,62,923.966198,False
1159.085673,423,925.269311,False
42.906539,66,925.500421,False
347.459192,1197,930.725915,False
1459.694589,527,931.770667,False
1824.041311,611,935.093243,False
1626.557443,570,936.625493,False
-1.039346,68,936.868913,False23326.73855,1220,943.066737,False
2970.873185,982,945.779178,False
903.120388,343,947.940745,False
1012.620813,353,948.740466,False
1442.249795,486,951.159962,False
1521.691414,529,952.634614,False
1642.451492,569,955.305867,False
408.578657,158,955.698401,False
60.517941,76,956.190979,False
92.973504,81,956.437069,Fal20803527.27249,1116,960.379465,False
38.739078,664,963.107399,False
1690.531566,555,964.886935,False
8.138956,61,965.115619,False
2443.409701,788,968.915253,False
3204.346919,1215,972.9065,False
33.488695,64,973.135494,False
643.124058,240,975.243024,False
1146.174125,434,976.480247,False
583.288386,246,977.502037,False
1550.609167,533,979.745568,False
426.140995,160,980.2582,False
7261.256078,2431,988.686387,False
821.610721,295,990.615269,False
4105.516894,1355,994.949024,False
803.818354,322,995.578272,False
2362.553766,852,998.703111,False
2169.189194,984,1002.700252,False
1509.506335,523,1005.024487,False
1972.87219,672,1006.362157,False
1749.288194,606,1009.543629,False
2065.957968,777,1012.552401,False
1872.111464,637,1014.758624,False
5264.401799,1817,1021.914995,False
703.862598,268,1022.86536,False
1623.22054,807,1026.058823,False
409.993898,187,1026.779732,False
975.593544,356,1029.408099,False
1609.164338,548,1030.822982,False
1471.01204,554,1033.667744,False
19.763523,65,1033.99132,False
-13.576802,61,1034.239477,False
478.811719,211,1035.069669,False
645.630966,228,1035.741724,False
689.740195,289,1036.401511,False
950.071406,339,1038.595694,False
2765.334833,1716,1043.964381,False
1515.898839,506,1046.887657,False
2846.602431,957,1050.663403,False
1801.552804,623,1052.238867,False
443.082268,183,1054.002267,False
1134.667649,395,1055.303964,False
729.779533,247,1056.095277,False
2081.28182,697,1059.29486,False
2237.283672,784,1062.614422,False
439.730732,179,1063.322433,False
45.951968,70,1063.705622,False
807.127589,340,1064.941651,False
53.676777,76,1065.317281,False
1691.161226,544,1067.917425,False
1213.874467,438,1068.862898,False
377.449678,171,1070.892766,False
1056.609276,355,1081.045506,False
592.941102,230,1081.660806,False
43.93927,69,1081.901551,False
24.43562,63,1082.376277,False
553.39105,210,1082.855844,False
1538.968945,491,1085.447565,False
2652.627759,898,1088.598732,False
-7.080114,60,1088.819142,False
1596.387468,545,1090.245363,False
620.296856,226,1092.225228,False
1182.78597,421,1093.398735,False
1206.112889,434,1094.428046,False
368.857914,179,1096.246272,False
836.40043,2048,1102.933126,False
2634.227257,893,1104.938403,False
1146.414767,400,1107.092207,False
1007.207782,351,1107.777011,False
867.447007,345,1109.939512,False
2023.932658,684,1111.572056,False
1046.644124,377,1113.700991,False
2286.783647,798,1115.77662,False
102.745987,447,1118.51893,False
378.605165,179,1119.05112,False
793.405043,301,1119.906691,False
5740.83715,1898,1127.016083,False
1153.848724,394,1128.056968,False
20.101291,70,1129.589307,False
799.046012,287,1130.352255,False
4015.724103,1294,1134.979032,False
762.383224,305,1135.717185,False
1832.577922,617,1138.349595,False
1929.260248,677,1141.036428,False
883.088907,430,1141.879184,False
1479.90197,512,1144.337552,False
556.710382,211,1144.822158,False
1681.298065,561,1146.090903,False
1258.352713,457,1148.449355,False
19.626783,66,1148.819501,False
2349.810225,835,1151.936755,False
348.519744,162,1152.448902,False
1630.081539,633,1154.303302,False
920.785377,369,1156.228099,False
1884.447164,675,1157.944093,False
434.011072,172,1159.564157,False
5.265675,69,1159.932438,False
2008.454914,680,1161.656528,False
1149.799277,393,111838.742186,661,11132.291348,417,111654.127925,580,1166.859725,False
1027.916063,348,1167.822724,False
7580.678601,2495,1175.993154,False
927.935837,357,1178.138696,False
-350.189408,686,1179.731862,False
568.507948,222,1181.600118,False
332.044791,159,1182.12923,False
-5.441003,67,1182.362444,False
1314.267283,434,1183.874885,False
1495.212433,549,1187.083739,False
2413.559531,823,1190.673585,False
-14.234749,459,1191.952412,False
1347.735197,469,1193.194818,False
2400.764332,761,1196.369067,False
29.478736,73,1196.606728,False
825.348224,280,1198.869063,False
704.481306,271,1199.576539,False
804.653575,320,1200.360246,False
43.840064,89,1200.629923,False
382.907412,151,1201.003088,False
-69.238756,75,1201.419055,False
1529.566314,547,1204.296333,False
876.263153,341,1205.25402,False
353.775542,144,1205.748921,False
640.373983,252,1207.4596829.6421271003.019904,366,1208.578141,False
739.978167,300,1209.4531801.7117412447.458452,799,1212.904757,False
1030.659835,361,1213.793796,False
20.941883,78,1215.2173806.01956,1068.161054,414,1216.551688.173458,1620.627494,589,1219.161433.753187,1107.277417,386,1220.201579.729123,1374.165509,523,1221.75636.386676,245,1222.271834,False
379.1243441834.347185,654,1225.214509,False
845.322351,310,1226.087353,False
1286.446872,463,1228.362266,False
1398.216134,502,1229.577274,False
1395.155262,481,1232.061363,False
1545.141298,577,1233.5482456.5858622859.390145,1407,1238.98-773.781519,2387,1242.591702,False
1123.498274,448,1243.584334,False
2974.907168,1006,1246.736333,False
1016.266263,372,1248.676417,False
3101.081985,1042,1252.108378,False
2559.076675,859,1254.132787,False
816.910274,313,1256.13147,False
4876.741433,1781,1261.860236,False
1141.515336,407,1263.892071,False
520.07636,212,1264.608069,False
700.555773,291,1265.469536,False
1007.623845,360,1275.073314,False
18.41539,79,1275.319792,False
1799.0054,619,1276.848741,False
2111.236242,692,1279.912492,False
1376.082385,509,1282.532215,False
1874.124418,665,1284.127989,False
1410.559881,498,1286.515856,False
1511.185809,548,1287.893341,False
462.515571,207,1288.470361,False
1084.516893,413,1290.557702,False
548.784472,193,1291.238997,False
913124.915122,1114,1294.788965,False
.692358.673841,835,1294.383431,False
5366,False
2040.79659,677,1219.92628,False
792.438057,299,1220.681976,False
441.375696,178,1221.286638,False
579.064163,202,1222.12564,False
2674.251298,899,1225.87151,False
542.008691,244,1227.666749,False
2018.492169,763,1229.430804,False
829.402601,360,1231.723781,False
307.466076,155,1232.221821,False
1638.940437,554,1233.67706,False
1726.539481,581,1236.23393,False
2217.513584,1508,1240.554588,False
24.01065,84,1242.109276,False
706.691899,1249,1245.916573,False
5966.958558,1964,1252.404053,False
1791.404721,617,1253.793751,False
1498.057404,578,1256.501878,False
394.802294,193,1257.083771,False
812.549501,292,1257.688693,False
675.743484,328,1259.760079,False
1200.705549,446,1260.783808,False
4665.368429,1943,1275.922313,False
1452.602161,528,1277.288833,False
565.913338,231,1278.956639,False
87.758028,138,1279.433141,False
1625.38028,638,1281.146517,False
1924.944363,687,1283.916891,False
604.444758,251,1284.697859,False
3064.854447,1033,1288.305538,False
1677.022256,599,1291.06669,False
