s_m,x_m,y_m,psi_rad,kappa_radpm,vx_mps,ax_mps2,width
0.0000000,0.0000000,0.0000000,0.0000000,0.0000000,0.0000000,0.0000000,14.0000000
0.5676644,0.5581589,0.1034481,-1.3875377,0.0000000,5.6766435,0.0000000,14.0000000
1.1353287,1.1163177,0.2068962,-1.3875377,0.0000000,5.6766435,0.0000000,14.0000000
1.7029931,1.6744766,0.3103443,-1.3875377,-0.0000000,5.6766435,56.7664352,14.0000000
2.2706574,2.2326354,0.4137924,-1.3875377,-0.0000000,5.6766435,-0.0000000,14.0000000
2.8383218,2.7907943,0.5172405,-1.3875377,0.0000000,5.6766435,-56.7664352,14.0000000
3.4059861,3.3489531,0.6206886,-1.3875377,-0.0000000,5.6766435,-113.5328704,14.0000000
3.9736505,3.9071120,0.7241367,-1.3875377,-0.0000000,5.6766435,-170.2993056,14.0000000
4.5413148,4.4652708,0.8275848,-1.3875377,0.0000000,5.6766435,-227.0657407,14.0000000
5.1089792,5.0234297,0.9310329,-1.3875377,-0.0000000,5.6766435,-283.8321759,14.0000000
5.6766435,5.5815885,1.0344810,-1.3875377,0.0000000,5.6766435,-340.5986111,14.0000000
6.2443079,6.1397474,1.1379291,-1.3875377,-0.0000000,5.6766435,-397.3650463,14.0000000
6.8119722,6.6979062,1.2413772,-1.3875377,-0.0000000,5.6766435,-454.1314815,14.0000000
7.3796366,7.2560651,1.3448253,-1.3875377,0.0000000,5.6766435,-510.8979167,14.0000000
7.9473009,7.8142240,1.4482735,-1.3875377,0.0000000,5.6766435,-567.6643519,14.0000000
8.5149653,8.3723828,1.5517216,-1.3875377,-0.0000000,5.6766435,-624.4307870,14.0000000
9.0826296,8.9305417,1.6551697,-1.3875377,0.0000000,5.6766435,-681.1972222,14.0000000
9.6502940,9.4887005,1.7586178,-1.3875377,-0.0000000,5.6766435,-737.9636574,14.0000000
10.2179583,10.0468594,1.8620659,-1.3875377,0.0000000,5.6766435,-794.7300926,14.0000000
10.7856227,10.6050182,1.9655140,-1.3875377,0.0000000,5.6766435,-851.4965278,14.0000000
11.3532870,11.1631771,2.0689621,-1.3875377,0.0000000,5.6766435,-908.2629630,14.0000000
11.9209514,11.7213359,2.1724102,-1.3875377,-0.0000000,5.6766435,-965.0293981,14.0000000
12.4886157,12.2794948,2.2758583,-1.3875377,-0.0000000,5.6766435,-1021.7958333,14.0000000
13.0562801,12.8376536,2.3793064,-1.3875377,0.0000000,5.6766435,-1078.5622685,14.0000000
13.6239444,13.3958125,2.4827545,-1.3875377,-0.0000000,5.6766435,-1135.3287037,14.0000000
14.1916088,13.9539713,2.5862026,-1.3875377,0.0000000,5.6766435,-1192.0951389,14.0000000
14.7592731,14.5121302,2.6896507,-1.3875377,-0.0000000,5.6766435,-1248.8615741,14.0000000
15.3269375,15.0702891,2.7930988,-1.3875377,-0.0000000,5.6766435,-1305.6280093,14.0000000
15.8946019,15.6284479,2.8965469,-1.3875377,0.0000000,5.6766435,-1362.3944444,14.0000000
16.4622662,16.1866068,2.9999950,-1.3875377,0.0000000,5.6766435,-1419.1608796,14.0000000
17.0299306,16.7447656,3.1034431,-1.3875377,-0.0000000,5.6766435,-1475.9273148,14.0000000
17.5975949,17.3029245,3.2068912,-1.3875377,0.0000000,5.6766435,-1532.6937500,14.0000000
18.1652593,17.8610833,3.3103393,-1.3875377,-0.0000000,5.6766435,-1589.4601852,14.0000000
18.7329236,18.4192422,3.4137874,-1.3875377,-0.0000000,5.6766435,-1646.2266204,14.0000000
19.3005880,18.9774010,3.5172355,-1.3875377,0.0000000,5.6766435,-1702.9930556,14.0000000
19.8682523,19.4773967,3.7860238,-1.0775377,-2.6876754,5.6766435,-1762.5477620,14.0000000
20.4359167,19.8715632,4.1945279,-0.7675377,-2.6876754,5.6766435,-1827.3801023,14.0000000
21.0035810,20.1223235,4.7038040,-0.4575377,-2.6876754,5.6766435,-1893.6197437,14.0000000
21.5712454,20.2057718,5.2653012,-0.1475377,-2.6876754,5.6766435,-1955.1192478,14.0000000
22.1389097,20.1139529,5.8254906,0.1624623,-2.6876754,5.6766435,-2006.6799395,14.0000000
22.7065741,19.8556201,6.3309676,0.4724623,-2.6876754,5.6766435,-2044.2702290,14.0000000
23.2742384,19.4554009,6.7335436,0.7824623,-2.6876754,5.6766435,-2065.1177679,14.0000000
23.8419028,18.9514495,6.9948399,1.0924623,-2.6876754,5.6766435,-2067.7407066,14.0000000
24.4095671,18.4178987,7.1886603,1.2223533,-1.1411703,5.6766435,-2046.3887448,14.0000000
24.9772315,17.8824312,7.3771210,1.2323806,-0.0883424,5.6766435,-2007.3719589,14.0000000
25.5448958,17.3467847,7.5650720,1.2333322,-0.0083847,5.6766435,-1963.7454024,14.0000000
26.1125602,16.8111381,7.7530229,1.2333322,0.0000000,5.6766435,-1920.3773505,14.0000000
26.6802245,16.2754915,7.9409739,1.2333322,0.0000000,5.6766435,-1877.6669718,14.0000000
27.2478889,15.7398450,8.1289249,1.2333322,0.0000000,5.6766435,-1835.6955906,14.0000000
27.8155532,15.2041984,8.3168759,1.2333322,-0.0000000,5.6766435,-1794.5134702,14.0000000
28.3832176,14.6685518,8.5048269,1.2333322,-0.0000000,5.6766435,-1754.1744567,14.0000000
28.9508819,14.1329053,8.6927779,1.2333322,0.0000000,5.6766435,-1714.7361462,14.0000000
29.5185463,13.5972587,8.8807288,1.2333322,-0.0000000,5.6766435,-1676.2600314,14.0000000
30.0862106,13.0616121,9.0686798,1.2333322,-0.0000000,5.6766435,-1638.8116163,14.0000000
30.6538750,12.5259656,9.2566308,1.2333322,0.0000000,5.6766435,-1602.4604871,14.0000000
31.2215394,11.9903190,9.4445818,1.2333322,0.0000000,5.6766435,-1567.2803273,14.0000000
31.7892037,11.4546724,9.6325328,1.2333322,0.0000000,5.6766435,-1533.3488595,14.0000000
32.3568681,10.9190259,9.8204837,1.2333322,-0.0000000,5.6766435,-1500.7476965,14.0000000
32.9245324,10.3833793,10.0084347,1.2333322,-0.0000000,5.6766435,-1469.5620834,14.0000000
33.4921968,9.8477327,10.1963857,1.2333322,0.0000000,5.6766435,-1439.8805102,14.0000000
34.0598611,9.3120862,10.3843367,1.2333322,-0.0000000,5.6766435,-1411.7941758,14.0000000
34.6275255,8.7764396,10.5722877,1.2333322,-0.0000000,5.6766435,-1385.3962856,14.0000000
35.1951898,8.2407930,10.7602387,1.2333322,0.0000000,5.6766435,-1360.7811706,14.0000000
35.7628542,7.7051465,10.9481896,1.2333322,-0.0000000,5.6766435,-1338.0432195,14.0000000
36.3305185,7.1694999,11.1361406,1.2333322,0.0000000,5.6766435,-1317.2756264,14.0000000
36.8981829,6.6338533,11.3240916,1.2333322,-0.0000000,5.6766435,-1298.5689688,14.0000000
37.4658472,6.0982068,11.5120426,1.2333322,-0.0000000,5.6766435,-1282.0096418,14.0000000
38.0335116,5.5625602,11.6999936,1.2333322,0.0000000,5.6766435,-1267.6781909,14.0000000
38.6011759,5.0269136,11.8879446,1.2333322,-0.0000000,5.6766435,-1255.6476028,14.0000000
39.1688403,4.4912671,12.0758955,1.2333322,0.0000000,5.6766435,-1245.9816229,14.0000000
39.7365046,3.9556205,12.2638465,1.2333322,-0.0000000,5.6766435,-1238.7331808,14.0000000
40.3041690,3.4199739,12.4517975,1.2333322,-0.0000000,5.6766435,-1233.9430067,14.0000000
40.8718333,2.8843274,12.6397485,1.2333322,0.0000000,5.6766435,-1231.6385199,14.0000000
41.4394977,2.3486808,12.8276995,1.2333322,-0.0000000,5.6766435,-1231.8330563,14.0000000
42.0071620,1.8130342,13.0156504,1.2333322,0.0000000,5.6766435,-1234.5254865,14.0000000
42.5748264,1.2773877,13.2036014,1.2333322,0.0000000,5.6766435,-1239.7002480,14.0000000
43.1424907,0.7417411,13.3915524,1.2333322,-0.0000000,5.6766435,-1247.3277910,14.0000000
43.7101551,0.2060945,13.5795034,1.2333322,-0.0000000,5.6766435,-1257.3654065,14.0000000
44.2778194,-0.3295520,13.7674544,1.2333322,0.0000000,5.6766435,-1269.7583856,14.0000000
44.8454838,-0.8651986,13.9554054,1.2333322,-0.0000000,5.6766435,-1284.4414380,14.0000000
45.4131481,-1.4008452,14.1433563,1.2333322,0.0000000,5.6766435,-1301.3402891,14.0000000
45.9808125,-1.9364917,14.3313073,1.2333322,-0.0000000,5.6766435,-1320.3733712,14.0000000
46.5484769,-2.4721383,14.5192583,1.2333322,0.0000000,5.6766435,-1341.4535312,14.0000000
47.1161412,-3.0077849,14.7072093,1.2333322,-0.0000000,5.6766435,-1364.4896849,14.0000000
47.6838056,-3.5434314,14.8951603,1.2333322,0.0000000,5.6766435,-1389.3883628,14.0000000
48.2514699,-4.0790780,15.0831113,1.2333322,0.0000000,5.6766435,-1416.0551076,14.0000000
48.8191343,-4.6147246,15.2710622,1.2333322,-0.0000000,5.6766435,-1444.3956980,14.0000000
49.3867986,-5.1503711,15.4590132,1.2333322,-0.0000000,5.6766435,-1474.3171876,14.0000000
49.9544630,-5.6860177,15.6469642,1.2333322,0.0000000,5.6766435,-1505.7287571,14.0000000
50.5221273,-6.2434944,15.7540276,1.3810565,-1.2967751,5.6766435,-1545.6599833,14.0000000
51.0897917,-6.8102593,15.7859698,1.5144971,-1.1721735,5.6766435,-1586.5097507,14.0000000
51.6574560,-7.3575094,15.9368346,1.3017999,1.8598410,5.6766435,-1604.2750729,14.0000000
52.2251204,-7.8798259,16.1591592,1.1683743,1.1720424,5.6766435,-1621.8200967,14.0000000
52.7927847,-8.3818642,16.4241128,1.0851915,0.7320255,5.6766435,-1653.8046340,14.0000000
53.3604491,-8.8692204,16.7151915,1.0323935,0.4649531,5.6766435,-1693.7894459,14.0000000
53.9281134,-9.3462717,17.0228680,0.9979760,0.3031706,5.6766435,-1738.2978632,14.0000000
54.4957778,-9.8160879,17.3414831,0.9748724,0.2035324,5.6766435,-1785.5085393,14.0000000
55.0634421,-10.2807536,17.6675637,0.9588947,0.1407637,5.6766435,-1834.4385575,14.0000000
55.6311065,-10.7416785,17.9989111,0.9475146,0.1002602,5.6766435,-1884.5315621,14.0000000
56.1987708,-11.1998231,18.3340921,0.9391721,0.0734996,5.6766435,-1935.4562838,14.0000000
56.7664352,-11.6558503,18.6721483,0.9328819,0.0554187,5.6766435,-1987.0056067,14.0000000
57.3340995,-12.1102242,19.0124235,0.9280073,0.0429468,5.6766435,-2039.0439739,14.0000000
57.9017639,-12.5632745,19.3544590,0.9241275,0.0341823,5.6766435,-2091.4788158,14.0000000
58.4694282,-13.0152384,19.6979286,0.9209581,0.0279237,5.6766435,-2144.2443983,14.0000000
59.0370926,-13.4662886,20.0425973,0.9183024,0.0233971,5.6766435,-2197.2923523,14.0000000
59.6047569,-13.9165515,20.3882939,0.9160215,0.0200954,5.6766435,-2250.5859299,14.0000000
60.1724213,-14.3661198,20.7348934,0.9140146,0.0176815,5.6766435,-2304.0964133,14.0000000
60.7400856,-14.8150606,21.0823052,0.9122067,0.0159288,5.6766435,-2357.8008024,14.0000000
61.3077500,-15.2634218,21.4304647,0.9105400,0.0146843,5.6766435,-2411.6802875,14.0000000
61.8754144,-15.7112353,21.7793284,0.9089685,0.0138454,5.6766435,-2465.7192142,14.0000000
62.4430787,-16.1585199,22.1288700,0.9074538,0.0133451,5.6766435,-2519.9043661,14.0000000
63.0107431,-16.6052825,22.4790785,0.9059620,0.0131431,5.6766435,-2574.2244580,14.0000000
63.5784074,-17.1293288,22.6972946,1.1762272,-2.3522511,5.6766435,-2634.9124431,14.0000000
64.1460718,-17.6916633,22.7749012,1.4336547,-2.2430609,5.6766435,-2698.5958367,14.0000000
64.7137361,-18.2567140,22.7204908,1.6667933,-2.0354773,5.6766435,-2757.5103623,14.0000000
65.2814005,-18.7992475,22.5534573,1.8694638,-1.7734003,5.6766435,-2807.5397955,14.0000000
65.8490648,-19.3053347,22.2963221,2.0408909,-1.5029471,5.6766435,-2846.7763132,14.0000000
66.4167292,-19.7695966,21.9696667,2.1839354,-1.2559796,5.6766435,-2875.2486661,14.0000000
66.9843935,-20.1917545,21.5901597,2.3030417,-1.0468903,5.6766435,-2894.1107104,14.0000000
67.5520579,-20.5740036,21.1704831,2.4028326,-0.8777346,5.6766435,-2904.9086549,14.0000000
68.1197222,-20.9194236,20.7200080,2.4874319,-0.7444608,5.6766435,-2909.1509101,14.0000000
68.6873866,-21.2311493,20.2455927,2.5602611,-0.6410845,5.6766435,-2908.1307608,14.0000000
69.2550509,-21.5119914,19.7522667,2.6240654,-0.5617575,5.6766435,-2902.8899436,14.0000000
69.8227153,-21.7642949,19.2437534,2.6810225,-0.5015410,5.6766435,-2894.2416739,14.0000000
70.3903796,-21.9899081,18.7228489,2.7328660,-0.4565546,5.6766435,-2882.8106876,14.0000000
70.9580440,-22.1901983,18.1916930,2.7809965,-0.4238832,5.6766435,-2869.0724807,14.0000000
71.5257083,-22.5326338,17.7389449,2.4940407,2.4936288,5.6766435,-2835.1474481,14.0000000
72.0933727,-22.9937118,17.4078107,2.1936158,2.6072144,5.6766435,-2798.4915181,14.0000000
72.6610370,-23.5310404,17.2247240,1.8991935,2.5566510,5.6766435,-2780.4728286,14.0000000
73.2287014,-24.0977047,17.1910430,1.6301638,2.3417594,5.6766435,-2784.3215446,14.0000000
73.7963657,-24.6570215,17.2880357,1.3990911,2.0177642,5.6766435,-2808.6467414,14.0000000
74.3640301,-25.1879804,17.4888476,1.2092179,1.6628172,5.6766435,-2848.5037051,14.0000000
74.9316944,-25.6823241,17.7678944,1.0569045,1.3367525,5.6766435,-2898.1289930,14.0000000
75.4993588,-26.1392562,18.1047265,0.9355635,1.0664359,5.6766435,-2952.9119276,14.0000000
76.0670231,-26.5613578,18.4842961,0.8384027,0.8546751,5.6766435,-3009.8810521,14.0000000
76.6346875,-27.0791303,18.7170072,1.1484027,-2.6876754,5.6766435,-3067.1243471,14.0000000
77.2023519,-27.6432130,18.7806748,1.4584027,-2.6876754,5.6766435,-3129.4191646,14.0000000
77.7700162,-28.2036670,18.6904857,1.7303499,-2.3665288,5.6766435,-3194.3115725,14.0000000
78.3376806,-28.7305269,18.4791531,1.9522655,-1.9391478,5.6766435,-3253.8119886,14.0000000
78.9053449,-29.2130191,18.1800811,2.1256825,-1.5202187,5.6766435,-3303.3925396,14.0000000
79.4730093,-29.6515604,17.8196308,2.2587669,-1.1690629,5.6766435,-3342.3027057,14.0000000
80.0406736,-30.0510625,17.4163433,2.3609098,-0.8983515,5.6766435,-3371.8781243,14.0000000
80.6083380,-30.4173702,16.9826826,2.4401910,-0.6977639,5.6766435,-3394.0431511,14.0000000
81.1760023,-30.7558230,16.5269497,2.5028083,-0.5513200,5.6766435,-3410.5816629,14.0000000
81.7436667,-31.0708459,16.0547174,2.5532949,-0.4446168,5.6766435,-3422.9251711,14.0000000
82.3113310,-31.3659476,15.5697866,2.5949145,-0.3665771,5.6766435,-3432.1583530,14.0000000
82.8789954,-31.6438485,15.0747979,2.6300172,-0.3092041,5.6766435,-3439.0857169,14.0000000
83.4466597,-31.9066283,14.5716184,2.6603129,-0.2668745,5.6766435,-3444.3009551,14.0000000
84.0143241,-32.1558542,14.0615897,2.6870656,-0.2356728,5.6766435,-3448.2430495,14.0000000
84.5819884,-32.3926836,13.5456879,2.7112309,-0.2128845,5.6766435,-3451.2378867,14.0000000
85.1496528,-32.6179396,13.0246288,2.7335516,-0.1966371,5.6766435,-3453.5280645,14.0000000
85.7173171,-32.8321656,12.4989388,2.7546256,-0.1856555,5.6766435,-3455.2939389,14.0000000
86.2849815,-33.0356609,11.9690025,2.7749553,-0.1791000,5.6766435,-3456.6683947,14.0000000
86.8526458,-33.2285015,11.4350967,2.7949855,-0.1764610,5.6766435,-3457.7471546,14.0000000
87.4203102,-33.2532929,10.8679740,3.0979061,-2.6282097,5.6766435,-3474.3409585,14.0000000
87.9879745,-33.1489980,10.3099727,-2.9568168,-1.9953710,5.6766435,-3485.7040413,14.0000000
88.5556389,-32.9556110,9.7762647,-2.7939617,-1.4284773,5.6766435,-3476.8984448,14.0000000
89.1233032,-32.7027135,9.2680465,-2.6798541,-1.0031488,5.6766435,-3454.2446413,14.0000000
89.6909676,-32.4097854,8.7817998,-2.5993906,-0.7081472,5.6766435,-3422.8664439,14.0000000
90.2586319,-32.0892704,8.3132777,-2.5416192,-0.5087037,5.6766435,-3386.1021237,14.0000000
90.8262963,-31.7491604,7.8587802,-2.4991669,-0.3739072,5.6766435,-3345.9748721,14.0000000
91.3939606,-31.3946860,7.4153947,-2.4671736,-0.2818242,5.6766435,-3303.7033669,14.0000000
91.9616250,-31.0293502,6.9809150,-2.4424299,-0.2179788,5.6766435,-3260.0377842,14.0000000
92.5292894,-30.6555528,6.5536934,-2.4227912,-0.1730129,5.6766435,-3215.4547787,14.0000000
93.0969537,-30.2749720,6.1325033,-2.4068006,-0.1408769,5.6766435,-3170.2676953,14.0000000
93.6646181,-29.8888017,5.7164320,-2.3934492,-0.1176266,5.6766435,-3124.6895033,14.0000000
94.2322824,-29.4979030,5.3047998,-2.3820238,-0.1006598,5.6766435,-3078.8695968,14.0000000
94.7999468,-29.1029013,4.8971033,-2.3720082,-0.0882396,5.6766435,-3032.9159184,14.0000000
95.3676111,-28.7042507,4.4929740,-2.3630192,-0.0791953,5.6766435,-2986.9086288,14.0000000
95.9352755,-28.3022775,4.0921494,-2.3547636,-0.0727341,5.6766435,-2940.9087664,14.0000000
96.5029398,-27.8972080,3.6944541,-2.3470087,-0.0683223,5.6766435,-2894.9638514,14.0000000
97.0706042,-27.4891882,3.2997863,-2.3395619,-0.0656085,5.6766435,-2849.1115678,14.0000000
97.6382685,-27.0782955,2.9081105,-2.3322549,-0.0643766,5.6766435,-2803.3822025,14.0000000
98.2059329,-26.7867471,2.4210352,-2.6022257,2.3497504,5.6766435,-2746.9982623,14.0000000
98.7735972,-26.6576823,1.8682376,-2.9122257,2.6876754,5.6766435,-2685.8934773,14.0000000
99.3412616,-26.5229474,1.3167947,-2.9019561,-0.0904768,5.6766435,-2651.7420441,14.0000000
99.9089259,-26.3831999,0.7666007,-2.8928560,-0.0801743,5.6766435,-2633.8674148,14.0000000
100.4765903,-26.2389159,0.2175789,-2.8846018,-0.0727214,5.6766435,-2616.4759831,14.0000000
101.0442546,-26.0904309,-0.3303217,-2.8769422,-0.0674832,5.6766435,-2599.6563882,14.0000000
101.6119190,-25.9379675,-0.8771285,-2.8696740,-0.0640352,5.6766435,-2583.4782227,14.0000000
102.1795833,-25.7816535,-1.4228471,-2.8626249,-0.0621047,5.6766435,-2567.9964380,14.0000000
102.7472477,-25.6215318,-1.9674606,-2.8556406,-0.0615333,5.6766435,-2553.2542989,14.0000000
103.3149120,-25.5818936,-2.5337393,-3.0717088,1.8888608,5.6766435,-2526.7830920,14.0000000
103.8825764,-25.6181245,-3.1002463,3.0777246,1.1748911,5.6766435,-2505.5963242,14.0000000
104.4502407,-25.7007597,-3.6618638,2.9955031,0.7235853,5.6766435,-2500.7742619,14.0000000
105.0179051,-25.8121847,-4.2184851,2.9440230,0.4533572,5.6766435,-2506.5551338,14.0000000
105.5855694,-25.9419820,-4.7711111,2.9109004,0.2917686,5.6766435,-2519.1634525,14.0000000
106.1532338,-26.0838812,-5.3207541,2.8889431,0.1934359,5.6766435,-2536.3474509,14.0000000
106.7208981,-26.2340103,-5.8682065,2.8739404,0.1321743,5.6766435,-2556.7732595,14.0000000
107.2885625,-26.3899128,-6.4140427,2.8633788,0.0930494,5.6766435,-2579.6324733,14.0000000
107.8562269,-26.5499893,-6.9586695,2.8557234,0.0674462,5.6766435,-2604.4184955,14.0000000
108.4238912,-26.7131726,-7.5023735,2.8500143,0.0502991,5.6766435,-2630.8016516,14.0000000
108.9915556,-26.8787342,-8.0453580,2.8456370,0.0385656,5.6766435,-2658.5586657,14.0000000
109.5592199,-27.0461671,-8.5877684,2.8421890,0.0303782,5.6766435,-2687.5319883,14.0000000
110.1268843,-27.2151117,-9.1297099,2.8394006,0.0245665,5.6766435,-2717.6057794,14.0000000
110.6945486,-27.3853097,-9.6712590,2.8370872,0.0203823,5.6766435,-2748.6913896,14.0000000
111.2622130,-27.5565731,-10.2124721,2.8351192,0.0173387,5.6766435,-2780.7183814,14.0000000
111.8298773,-27.7287646,-10.7533907,2.8334037,0.0151136,5.6766435,-2813.6288590,14.0000000
112.3975417,-27.9017843,-11.2940450,2.8318724,0.0134914,5.6766435,-2847.3738129,14.0000000
112.9652060,-28.0755602,-11.8344566,2.8304733,0.0123266,5.6766435,-2881.9107208,14.0000000
113.5328704,-28.2500427,-12.3746405,2.8291656,0.0115212,5.6766435,-2917.2019443,14.0000000
114.1005347,-28.4252001,-12.9146060,2.8279159,0.0110103,5.6766435,-2953.2136415,14.0000000
114.6681991,-28.6010164,-13.4543573,2.8266954,0.0107533,5.6766435,-2989.9150196,14.0000000
115.2358634,-28.7026075,-14.0128571,2.9616600,-1.1854792,5.6766435,-3033.3794881,14.0000000
115.8035278,-28.7110798,-14.5804582,3.1266672,-1.4471844,5.6766435,-3079.4766320,14.0000000
116.3711921,-28.6060278,-15.1383174,-2.9554597,-1.7594861,5.6766435,-3122.7275704,14.0000000
116.9388565,-28.3704972,-15.6548134,-2.7137468,-2.1089005,5.6766435,-3161.4648966,14.0000000
117.5065208,-28.0002804,-16.0851417,-2.4311420,-2.4568384,5.6766435,-3192.7684468,14.0000000
118.0741852,-27.5164353,-16.3820199,-2.1211420,-2.6876754,5.6766435,-3211.9324600,14.0000000
118.6418495,-26.9650880,-16.5171458,-1.8111420,-2.6876754,5.6766435,-3213.7051602,14.0000000
119.2095139,-26.3988002,-16.4776375,-1.5011420,-2.6876754,5.6766435,-3196.3949859,14.0000000
119.7771782,-25.8658809,-16.2820872,-1.2191091,-2.4520003,5.6766435,-3161.0816220,14.0000000
120.3448426,-25.3276141,-16.1017775,-1.2475627,0.2506524,5.6766435,-3110.3975745,14.0000000
120.9125069,-24.7862699,-15.9309286,-1.2650887,0.1544024,5.6766435,-3054.5687158,14.0000000
121.4801713,-24.2430536,-15.7661293,-1.2762442,0.0982823,5.6766435,-2999.2135852,14.0000000
122.0478356,-23.6986434,-15.6053177,-1.2835772,0.0646059,5.6766435,-2944.2125011,14.0000000
122.6155000,-23.1534401,-15.4472159,-1.2885510,0.0438205,5.6766435,-2889.4834097,14.0000000
123.1831644,-22.6076902,-15.2910112,-1.2920289,0.0306411,5.6766435,-2834.9738598,14.0000000
123.7508287,-22.0615508,-15.1361740,-1.2945337,0.0220684,5.6766435,-2780.6516351,14.0000000
124.3184931,-21.5151249,-14.9823510,-1.2963903,0.0163575,5.6766435,-2726.4978334,14.0000000
124.8861574,-20.9684818,-14.8293014,-1.2978054,0.0124678,5.6766435,-2672.5023097,14.0000000
125.4538218,-20.4216695,-14.6768578,-1.2989138,0.0097649,5.6766435,-2618.6607893,14.0000000
126.0214861,-19.8747214,-14.5249017,-1.2998051,0.0078530,5.6766435,-2564.9730647,14.0000000
126.5891505,-19.3276618,-14.3733479,-1.3005407,0.0064804,5.6766435,-2511.4418746,14.0000000
127.1568148,-18.7805079,-14.2221347,-1.3011631,0.0054837,5.6766435,-2458.0722110,14.0000000
127.7244792,-18.2332725,-14.0712167,-1.3017028,0.0047555,5.6766435,-2404.8708980,14.0000000
128.2921435,-17.6859648,-13.9205612,-1.3021823,0.0042239,5.6766435,-2351.8463475,14.0000000
128.8598079,-17.1385914,-13.7701443,-1.3026182,0.0038404,5.6766435,-2299.0084305,14.0000000
129.4274722,-16.5911572,-13.6199493,-1.3030236,0.0035723,5.6766435,-2246.3684302,14.0000000
129.9951366,-16.0436650,-13.4699654,-1.3034093,0.0033980,5.6766435,-2193.9390535,14.0000000
130.5628009,-15.4961167,-13.3201869,-1.3037843,0.0033036,5.6766435,-2141.7344888,14.0000000
131.1304653,-14.9485126,-13.1706122,-1.3041567,0.0032811,5.6766435,-2089.7705006,14.0000000
131.6981296,-14.3880660,-13.0803769,-1.4111602,0.9409406,5.6766435,-2035.2484984,14.0000000
132.2657940,-13.8224757,-13.0318950,-1.4852863,0.6524799,5.6766435,-1981.4480646,14.0000000
132.8334583,-13.2551228,-13.0130949,-1.5376719,0.4613247,5.6766435,-1931.3306263,14.0000000
133.4011227,-12.6874650,-13.0158287,-1.5756122,0.3341877,5.6766435,-1884.4573625,14.0000000
133.9687870,-12.1201102,-13.0345716,-1.6038198,0.2484861,5.6766435,-1840.3737067,14.0000000
134.5364514,-11.5532905,-13.0655281,-1.6253566,0.1897320,5.6766435,-1798.7199306,14.0000000
135.1041157,-10.9870743,-13.1060500,-1.6422406,0.1487466,5.6766435,-1759.2407344,14.0000000
135.6717801,-10.4214608,-13.1542601,-1.6558259,0.1196876,5.6766435,-1721.7677993,14.0000000
136.2394444,-9.8564235,-13.2088095,-1.6670394,0.0987931,5.6766435,-1686.1992812,14.0000000
136.8071088,-9.2919293,-13.2687185,-1.6765291,0.0836067,5.6766435,-1652.4826377,14.0000000
137.3747731,-8.7279472,-13.3332708,-1.6847584,0.0725020,5.6766435,-1620.6015997,14.0000000
137.9424375,-8.1644519,-13.4019431,-1.6920668,0.0643893,5.6766435,-1590.5665986,14.0000000
138.5101019,-7.6014253,-13.4743576,-1.6987105,0.0585329,5.6766435,-1562.4077483,14.0000000
139.0777662,-7.0388568,-13.5502494,-1.7048892,0.0544355,5.6766435,-1536.1696196,14.0000000
139.6454306,-6.4767440,-13.6294453,-1.7107648,0.0517660,5.6766435,-1511.9072434,14.0000000
140.2130949,-5.9150926,-13.7118500,-1.7164754,0.0503126,5.6766435,-1489.6829444,14.0000000
140.7807593,-5.3539175,-13.7974378,-1.7221455,0.0499548,5.6766435,-1469.5637401,14.0000000
141.3484236,-4.7933823,-13.7077547,-1.4121455,-2.6876754,5.6766435,-1467.7533946,14.0000000
141.9160880,-4.2869243,-13.4513504,-1.1021455,-2.6876754,5.6766435,-1465.9104186,14.0000000
142.4837523,-3.8828258,-13.0526685,-0.7921455,-2.6876754,5.6766435,-1446.5810251,14.0000000
143.0514167,-3.6048201,-12.5577386,-0.5117871,-2.4378261,5.6766435,-1410.6711968,14.0000000
143.6190810,-3.4318038,-12.0170833,-0.3097139,-1.7682453,5.6766435,-1361.7832069,14.0000000
144.1867454,-3.3357407,-11.4576061,-0.1700435,-1.2265492,5.6766435,-1306.1638129,14.0000000
144.7544097,-3.2937341,-10.8914981,-0.0740668,-0.8442909,5.6766435,-1248.6226324,14.0000000
145.3220741,-3.2896246,-10.3238486,-0.0072393,-0.5883365,5.6766435,-1191.2775186,14.0000000
145.8897384,-3.3125037,-9.7566455,0.0403149,-0.4188110,5.6766435,-1134.8724609,14.0000000
146.4574028,-3.3550489,-9.1905778,0.0750180,-0.3056858,5.6766435,-1079.6041247,14.0000000
147.0250671,-3.4122971,-8.6258075,0.1010205,-0.2290651,5.6766435,-1025.4919103,14.0000000
147.5927315,-3.4808331,-8.0622956,0.1210286,-0.1762665,5.6766435,-972.5218217,14.0000000
148.1603958,-3.5582672,-7.4999374,0.1368349,-0.1392534,5.6766435,-920.6981457,14.0000000
148.7280602,-3.6429010,-6.9386176,0.1496491,-0.1128953,5.6766435,-870.0610208,14.0000000
149.2957245,-3.7335109,-6.3782314,0.1603045,-0.0938755,5.6766435,-820.6927563,14.0000000
149.8633889,-3.8292067,-5.8186913,0.1693870,-0.0800193,5.6766435,-772.7215572,14.0000000
150.4310532,-3.9293376,-5.2599278,0.1773188,-0.0698813,5.6766435,-726.3258176,14.0000000
150.9987176,-4.0334292,-4.7018886,0.1844117,-0.0624904,5.6766435,-681.7399905,14.0000000
151.5663819,-4.1411410,-4.1445369,0.1909030,-0.0571901,5.6766435,-639.2620533,14.0000000
152.1340463,-4.2522377,-3.5878499,0.1969797,-0.0535378,5.6766435,-599.2618400,14.0000000
152.7017106,-4.3665702,-3.0318185,0.2027958,-0.0512410,5.6766435,-562.1885637,14.0000000
153.2693750,-4.4840637,-2.4764465,0.2084842,-0.0501170,5.6766435,-528.5744669,14.0000000
153.8370394,-4.4265358,-1.9117047,-0.1015158,2.6876754,5.6766435,-513.3904811,14.0000000
154.4047037,-4.1994706,-1.3914315,-0.4115158,2.6876754,5.6766435,-501.5799166,14.0000000
154.9723681,-3.8245149,-0.9652260,-0.7215158,2.6876754,5.6766435,-477.2761043,14.0000000
155.5400324,-3.3374144,-0.6737197,-1.0315158,2.6876754,5.6766435,-441.1916736,14.0000000
156.1076968,-2.7886028,-0.5286382,-1.3123527,2.4418772,5.6766435,-394.4404757,14.0000000
156.6753611,-2.2321818,-0.4162174,-1.3714373,0.5202539,5.6766435,-340.4736881,14.0000000
157.2430255,-1.6744008,-0.3107509,-1.3839204,0.1099771,5.6766435,-283.8267736,14.0000000
157.8106898,-1.1163175,-0.2068960,-1.3868088,0.0254480,5.6766435,-227.0654591,14.0000000
